Row Labels,Afghanistan,Africa,Albania,Algeria,Americas,Andorra,Angola,Antigua and Barbuda,Argentina,Armenia,Australia,Austria,Azerbaijan,Bahamas,Bahrain,Bangladesh,Barbados,Belarus,Belgium,Belize,Benin,Bhutan,Bolivia,Bosnia and Herzegovina,Botswana,Brazil,Brunei,Bulgaria,Burkina Faso,Burundi,Cambodia,Cameroon,Canada,Cape Verde,Central African Republic,Chad,Chile,China,Colombia,Comoros,Congo,Cook Islands,Costa Rica,Cote d'Ivoire,Croatia,Cuba,Cyprus,Czech Republic,Democratic Republic of Congo,Denmark,Djibouti,Dominica,Dominican Republic,Eastern Mediterranean,Ecuador,Egypt,El Salvador,Equatorial Guinea,Eritrea,Estonia,Ethiopia,Europe,Fiji,Finland,France,Gabon,Gambia,Georgia,Germany,Ghana,Global,Greece,Grenada,Guatemala,Guinea,Guinea-Bissau,Guyana,Haiti,Honduras,Hungary,Iceland,India,Indonesia,Iran,Iraq,Ireland,Israel,Italy,Jamaica,Japan,Jordan,Kazakhstan,Kenya,Kiribati,Kuwait,Kyrgyzstan,Laos,Latvia,Lebanon,Lesotho,Liberia,Libya,Lithuania,Luxembourg,Macedonia,Madagascar,Malawi,Malaysia,Maldives,Mali,Malta,Marshall Islands,Mauritania,Mauritius,Mexico,Micronesia (country),Moldova,Mongolia,Montenegro,Morocco,Mozambique,Myanmar,Namibia,Nauru,Nepal,Netherlands,New Zealand,Nicaragua,Niger,Nigeria,Niue,North Korea,Norway,Oman,Pakistan,Palau,Panama,Papua New Guinea,Paraguay,Peru,Philippines,Poland,Portugal,Qatar,Romania,Russia,Rwanda,Saint Kitts and Nevis,Saint Lucia,Saint Vincent and the Grenadines,Samoa,Sao Tome and Principe,Saudi Arabia,Senegal,Serbia,Seychelles,Sierra Leone,Singapore,Slovakia,Slovenia,Solomon Islands,Somalia,South Africa,South Korea,South-East Asia,Spain,Sri Lanka,Sudan (former),Suriname,Swaziland,Sweden,Switzerland,Syria,Tajikistan,Tanzania,Thailand,Timor,Togo,Tonga,Trinidad and Tobago,Tunisia,Turkey,Turkmenistan,Tuvalu,Uganda,Ukraine,United Arab Emirates,United Kingdom,United States,Uruguay,Uzbekistan,Vanuatu,Venezuela,Vietnam,Western Pacific,Yemen,Zambia,Zimbabwe
1975,0.5,2,6.5,6.9,9.5,12.9,0.8,5.6,11.2,7.3,10.5,7.2,6.4,12,14.2,0.2,7.7,9.9,10.5,8.8,1.1,0.4,4.8,5.9,2.8,5.2,2.6,10.1,0.4,0.6,0.3,1.3,9.8,1.1,1.2,0.7,11.2,0.5,6.6,1.2,1.5,28,5.2,1.4,9.2,7.8,5.5,13.8,0.9,7.2,4,6.6,5.8,5.7,5,12,5.8,1.3,0.6,12.7,0.5,9.9,9.5,6.9,8.8,1.8,0.9,6.5,9,1.5,4.7,9.8,5.9,5.1,0.9,0.9,5.1,3.2,4.3,12.6,8.4,0.3,0.4,6.5,11.4,6.4,12.9,8.4,6.9,1,12.3,6.7,0.8,15.9,18.6,4.5,0.3,13.4,11.1,3.6,1.3,10.3,12.9,7.9,9.2,0.5,0.7,1.4,0.5,0.9,15.6,27,1.2,3,9.5,18.9,7.5,4.8,6.1,6.5,0.7,0.5,3.4,44.5,0.3,5.5,10.9,7,0.7,0.9,18.9,1.8,7.4,5.1,1,28.3,6,5,4.2,6.3,0.7,10.7,5.4,15.8,8.3,13.9,0.5,6.4,5.1,5.7,20.2,1.5,10.8,1.4,7.9,3.3,1.2,3,7.9,7.8,4.8,1.2,10,0.6,0.4,9.7,0.6,1,7.5,3.6,7.9,5,8.5,4.1,0.9,0.8,0.2,1.1,19.9,3.8,7.5,8.6,5.6,17.9,0.6,12.3,13.7,9.4,11.9,11.4,4.4,5.6,9.6,0.1,0.8,2.8,1.5,3.7
1976,0.5,2.1,6.7,7.2,9.8,13.5,0.9,5.8,11.5,7.6,10.8,7.3,6.6,12.4,14.4,0.2,8,10.2,10.7,9,1.2,0.4,5,6.2,2.9,5.5,2.7,10.5,0.5,0.6,0.3,1.4,10.1,1.2,1.3,0.8,11.5,0.5,6.9,1.3,1.6,28.6,5.4,1.5,9.5,8.1,5.9,14.2,0.9,7.4,4.3,6.9,6.1,6,5.2,12.3,6,1.4,0.7,12.9,0.5,10.2,9.8,7.2,9.1,2,1,6.7,9.2,1.6,4.8,10.2,6.1,5.3,0.9,0.9,5.3,3.3,4.5,12.9,8.7,0.4,0.5,6.8,11.9,6.6,13.3,8.6,7.2,1.1,12.7,6.9,0.9,16.7,19,4.7,0.3,13.7,11.7,3.7,1.4,11.1,13.4,8.1,9.6,0.6,0.7,1.5,0.6,0.9,15.9,27.9,1.3,3.1,9.9,19.5,7.8,5.1,6.4,6.8,0.7,0.6,3.6,45,0.3,5.7,11.2,7.3,0.7,0.9,19.6,1.8,7.7,5.4,1,28.9,6.2,5.3,4.3,6.6,0.7,10.9,5.6,16.1,8.5,14.2,0.6,6.6,5.3,5.9,20.8,1.5,11.4,1.5,8.2,3.5,1.3,3,8.2,8.1,5,1.3,10.2,0.6,0.4,10.1,0.6,1.5,8,3.9,8.2,5.2,8.8,4.2,0.9,0.9,0.3,1.1,20.4,4,7.8,8.9,5.8,18.6,0.6,12.6,13.9,9.6,12.2,11.7,4.6,5.8,9.9,0.1,0.8,2.9,1.6,3.9
1977,0.6,2.2,6.8,7.4,10.1,14,0.9,6,11.8,7.9,11,7.5,6.8,12.8,14.6,0.3,8.3,10.6,10.9,9.2,1.3,0.5,5.2,6.4,3.1,5.7,2.7,10.9,0.5,0.7,0.3,1.5,10.4,1.3,1.3,0.8,11.9,0.5,7.1,1.3,1.7,29.2,5.7,1.6,9.9,8.4,6.3,14.6,1,7.6,4.5,7.2,6.4,6.2,5.4,12.7,6.2,1.4,0.7,13.1,0.6,10.4,10.1,7.5,9.3,2.2,1.1,7,9.4,1.7,4.9,10.5,6.3,5.5,1,1,5.5,3.5,4.7,13.2,8.9,0.4,0.5,7.1,12.3,6.9,13.6,8.9,7.5,1.1,13,7.2,0.9,17.5,19.4,4.8,0.4,14,12.3,3.9,1.5,11.8,13.8,8.4,9.9,0.6,0.8,1.7,0.6,1,16.1,28.7,1.4,3.2,10.3,20.1,8.1,5.3,6.6,7.1,0.8,0.6,3.8,45.4,0.3,5.8,11.5,7.5,0.7,1,20.2,1.9,8,5.8,1.1,29.6,6.4,5.5,4.5,6.8,0.8,11.2,5.8,16.5,8.8,14.4,0.6,6.9,5.5,6.2,21.5,1.6,12.1,1.6,8.5,3.8,1.4,3.1,8.6,8.5,5.2,1.4,10.5,0.6,0.5,10.4,0.6,1.1,8.5,4.1,8.4,5.4,9.1,4.3,1,1,0.3,1.2,21,4.1,8.2,9.3,5.9,19.4,0.7,12.8,14,9.9,12.6,11.9,4.8,6.1,10.3,0.2,0.8,3.1,1.7,4
1978,0.6,2.3,7,7.7,10.5,14.5,1,6.2,12.1,8.1,11.3,7.7,7,13.2,14.8,0.3,8.6,11,11.1,9.3,1.4,0.5,5.4,6.7,3.3,6,2.8,11.3,0.5,0.7,0.3,1.7,10.7,1.3,1.4,0.9,12.3,0.6,7.4,1.4,1.8,29.7,5.9,1.7,10.3,8.7,6.7,15,1,7.9,4.7,7.5,6.8,6.4,5.7,13.1,6.5,1.5,0.7,13.4,0.6,10.7,10.5,7.8,9.5,2.4,1.2,7.2,9.6,1.8,5,10.8,6.5,5.7,1.1,1,5.7,3.6,5,13.5,9.1,0.4,0.5,7.4,12.8,7.2,13.9,9.1,7.8,1.2,13.4,7.4,1,18.2,19.8,5,0.4,14.3,12.9,4.1,1.6,12.5,14.2,8.7,10.2,0.6,0.8,1.8,0.7,1.1,16.3,29.4,1.5,3.3,10.7,20.7,8.3,5.5,6.9,7.4,0.8,0.6,3.9,45.8,0.4,6,11.9,7.8,0.8,1.1,21,2,8.3,6.2,1.2,30.2,6.7,5.8,4.7,7.1,0.8,11.5,6.1,16.9,9,14.7,0.6,7.2,5.8,6.4,22.1,1.7,12.7,1.7,8.8,4,1.5,3.1,8.9,8.8,5.4,1.4,10.8,0.7,0.5,10.8,0.6,1.2,9,4.4,8.6,5.5,9.4,4.4,1.1,1,0.3,1.3,21.6,4.3,8.5,9.6,6.1,20.1,0.7,13.1,14.3,10.1,13,12.2,5,6.3,10.7,0.2,0.9,3.3,1.9,4.2
1979,0.6,2.3,7.2,8,10.8,15,1.1,6.4,12.5,8.4,11.6,7.9,7.2,13.6,15.1,0.3,8.9,11.3,11.4,9.5,1.5,0.5,5.6,7,3.5,6.3,2.8,11.7,0.6,0.7,0.3,1.8,11,1.4,1.5,0.9,12.6,0.6,7.7,1.5,1.9,30.3,6.2,1.8,10.6,9.1,7.2,15.5,1.1,8.1,4.9,7.9,7.2,6.7,5.9,13.4,6.8,1.6,0.8,13.6,0.6,11,10.8,8.2,9.8,2.6,1.2,7.5,9.8,1.8,5.2,11.2,6.7,5.9,1.2,1.1,5.9,3.8,5.2,13.8,9.4,0.4,0.5,7.8,13.3,7.5,14.2,9.3,8.1,1.2,13.7,7.7,1.1,19,20.3,5.2,0.4,14.5,13.5,4.3,1.7,13.2,14.7,9,10.5,0.7,0.8,1.9,0.7,1.1,16.6,30,1.6,3.4,11.1,21.4,8.6,5.7,7.2,7.7,0.9,0.7,4.1,46.3,0.4,6.2,12.2,8.1,0.8,1.1,21.7,2.1,8.6,6.6,1.2,30.8,6.9,6,4.9,7.3,0.9,11.8,6.3,17.3,9.3,15,0.7,7.4,6,6.7,22.7,1.8,13.3,1.8,9,4.2,1.6,3.2,9.3,9.2,5.7,1.5,11,0.8,0.5,11.1,0.7,1.3,9.6,4.6,8.8,5.7,9.7,4.5,1.2,1.1,0.3,1.4,22.2,4.5,8.9,10,6.2,20.9,0.8,13.4,14.5,10.4,13.3,12.5,5.2,6.6,11,0.2,0.9,3.4,2,4.4
1980,0.7,2.5,7.4,8.3,11.1,15.5,1.1,6.6,12.8,8.7,11.9,8.1,7.4,14.1,15.4,0.3,9.3,11.7,11.6,9.7,1.6,0.6,5.9,7.3,3.7,6.6,2.9,12,0.6,0.8,0.3,1.9,11.3,1.5,1.6,1,13,0.6,8,1.6,2,30.8,6.4,1.9,11,9.5,7.7,15.9,1.1,8.4,5.2,8.3,7.6,6.9,6.2,13.8,7.1,1.6,0.8,13.8,0.7,11.2,11.2,8.5,10,2.9,1.3,7.8,10.1,1.9,5.3,11.5,6.9,6.1,1.2,1.2,6.2,3.9,5.5,14.1,9.7,0.5,0.6,8.1,13.7,7.8,14.6,9.6,8.4,1.2,14.1,7.9,1.1,19.8,20.8,5.3,0.4,14.8,14.1,4.4,1.9,13.8,15.1,9.3,10.8,0.7,0.9,2,0.8,1.2,16.8,30.6,1.8,3.5,11.5,22,8.9,6,7.5,8.1,1,0.7,4.3,46.7,0.4,6.5,12.5,8.3,0.9,1.2,22.5,2.1,8.9,7.1,1.3,31.5,7.1,6.3,5.2,7.6,0.9,12.1,6.6,17.6,9.6,15.2,0.7,7.7,6.2,6.9,23.3,1.9,14,1.8,9.3,4.4,1.6,3.2,9.6,9.5,5.9,1.6,11.3,0.8,0.6,11.5,0.7,1.3,10.3,4.9,9,5.9,10.1,4.7,1.2,1.2,0.3,1.4,22.9,4.7,9.2,10.4,6.4,21.7,0.8,13.7,14.9,10.7,13.7,12.9,5.4,6.9,11.4,0.2,1,3.6,2.1,4.7
1981,0.7,2.6,7.6,8.6,11.5,16,1.2,6.9,13.1,9,12.2,8.3,7.7,14.5,15.7,0.4,9.6,12.1,11.8,9.9,1.7,0.6,6.2,7.6,3.9,6.9,3,12.4,0.6,0.8,0.4,2,11.6,1.6,1.7,1.1,13.4,0.7,8.4,1.7,2.1,31.4,6.7,2,11.4,9.9,8.2,16.3,1.2,8.6,5.4,8.7,8,7.2,6.5,14.2,7.4,1.7,0.9,14,0.7,11.5,11.5,8.8,10.3,3.2,1.4,8,10.3,2,5.4,11.8,7.2,6.3,1.3,1.2,6.4,4.1,5.7,14.4,9.9,0.5,0.6,8.5,14.2,8.1,14.9,9.8,8.7,1.2,14.5,8.2,1.2,20.5,21.3,5.5,0.5,15.1,14.7,4.6,2,14.4,15.6,9.6,11.1,0.8,0.9,2.2,0.9,1.3,17.1,31.1,1.9,3.6,11.9,22.6,9.2,6.3,7.9,8.4,1,0.8,4.5,47.1,0.4,6.7,12.9,8.6,0.9,1.3,23.3,2.2,9.2,7.5,1.4,32.1,7.4,6.6,5.4,7.9,1,12.4,6.8,17.8,9.9,15.4,0.7,8,6.5,7.2,23.9,2,14.6,2,9.6,4.7,1.7,3.2,10,9.9,6.2,1.7,11.6,0.9,0.6,11.8,0.8,0.8,10.9,5.2,9.2,6.1,10.4,4.8,1.3,1.2,0.4,1.5,23.6,4.9,9.6,10.8,6.6,22.5,0.8,14,15.2,11,14.1,13.2,5.6,7.2,11.8,0.2,1,3.8,2.2,4.9
1982,0.8,2.7,7.8,9,11.8,16.5,1.3,7.1,13.5,9.3,12.5,8.6,7.9,15,16.1,0.4,9.8,12.5,12,10.2,1.8,0.7,6.4,7.8,4.2,7.2,3.1,12.8,0.7,0.9,0.4,2.2,11.9,1.7,1.8,1.2,13.7,0.7,8.7,1.7,2.3,32,7,2.2,11.8,10.2,8.8,16.7,1.2,8.9,5.6,9.2,8.3,7.5,6.8,14.6,7.7,1.7,0.9,14.2,0.7,11.8,11.9,9.2,10.5,3.4,1.5,8.3,10.6,2.1,5.6,12.2,7.4,6.6,1.4,1.3,6.6,4.3,6,14.6,10.2,0.5,0.7,8.8,14.7,8.4,15.2,10.1,9,1.3,15,8.5,1.3,21.2,21.9,5.7,0.5,15.4,15.3,4.8,2.1,15,16,9.9,11.4,0.8,1,2.3,1,1.4,17.3,31.7,2.1,3.8,12.3,23.3,9.5,6.5,8.2,8.8,1.1,0.8,4.7,47.5,0.5,6.9,13.2,8.9,1,1.3,24.1,2.3,9.5,8,1.5,32.8,7.7,6.9,5.6,8.1,1.1,12.6,7.1,18,10.2,15.7,0.8,8.3,6.8,7.5,24.5,2.1,15.2,2.1,9.9,4.9,1.8,3.3,10.3,10.2,6.5,1.8,11.9,1,0.6,12.2,0.8,0.9,11.5,5.5,9.4,6.4,10.8,4.9,1.4,1.3,0.4,1.6,24.3,5.1,10,11.3,6.7,23.3,0.9,14.3,15.6,11.3,14.6,13.5,5.8,7.6,12.2,0.2,1,3.9,2.3,5.1
1983,0.8,2.8,8,9.4,12.2,16.9,1.3,7.4,13.8,9.5,12.8,8.8,8.1,15.5,16.5,0.4,10.1,12.9,12.3,10.4,2,0.7,6.7,8.1,4.5,7.6,3.2,13.1,0.7,0.9,0.4,2.3,12.3,1.9,1.8,1.2,14.1,0.8,9,1.8,2.4,32.6,7.3,2.3,12.1,10.6,9.3,17.1,1.3,9.1,5.8,9.6,8.7,7.8,7.1,14.9,8,1.8,0.9,14.4,0.8,12.1,12.3,9.6,10.7,3.7,1.6,8.6,10.8,2.2,5.7,12.5,7.7,6.8,1.5,1.4,6.8,4.5,6.3,14.9,10.5,0.6,0.7,9.2,15.2,8.7,15.5,10.3,9.3,1.3,15.5,8.7,1.3,21.9,22.4,5.9,0.5,15.7,15.9,4.9,2.3,15.6,16.4,10.2,11.7,0.9,1.1,2.5,1,1.4,17.6,32.2,2.3,3.9,12.8,23.9,9.8,6.8,8.6,9.1,1.2,0.8,4.9,47.9,0.5,7.2,13.6,9.2,1,1.4,24.9,2.3,9.8,8.5,1.6,33.5,7.9,7.2,5.9,8.4,1.1,12.9,7.4,18.2,10.5,15.9,0.8,8.6,7.1,7.8,25.1,2.2,15.8,2.2,10.2,5,1.9,3.3,10.6,10.6,6.8,1.8,12.2,1.1,0.7,12.5,0.8,1.1,12,5.8,9.7,6.7,11.1,5,1.5,1.4,0.4,1.7,25,5.3,10.4,11.8,6.9,24.2,0.9,14.6,16.1,11.6,15,13.9,6,7.9,12.6,0.2,1.1,4.1,2.5,5.3
1984,0.9,2.9,8.3,9.7,12.6,17.4,1.4,7.6,14.2,9.8,13.1,9,8.4,16,16.9,0.4,10.3,13.3,12.5,10.7,2.1,0.8,7.1,8.4,4.9,7.9,3.3,13.5,0.8,1,0.5,2.5,12.7,2,1.9,1.3,14.5,0.8,9.3,1.9,2.5,33.3,7.6,2.4,12.5,11,9.8,17.4,1.4,9.4,6.1,10.2,9.1,8.1,7.4,15.3,8.3,1.8,1,14.6,0.8,12.3,12.6,9.9,11,4,1.7,8.9,11.1,2.3,5.8,12.9,7.9,7.1,1.6,1.5,7.1,4.8,6.6,15.2,10.7,0.6,0.8,9.6,15.7,9.1,15.9,10.6,9.7,1.3,16.1,9,1.4,22.6,23,6,0.6,15.9,16.5,5.1,2.5,16.2,16.9,10.5,12,0.9,1.1,2.6,1.1,1.5,17.8,32.8,2.5,4,13.2,24.5,10.1,7,8.9,9.5,1.3,0.9,5.2,48.3,0.5,7.4,13.9,9.5,1.1,1.5,25.8,2.4,10.1,9,1.7,34.3,8.2,7.5,6.2,8.7,1.2,13.2,7.7,18.5,10.9,16.1,0.9,8.8,7.3,8.1,25.8,2.4,16.5,2.3,10.5,5.2,2,3.4,11,10.9,7.1,1.9,12.5,1.1,0.7,12.9,0.9,1.9,12.5,6.1,9.9,7,11.5,5.2,1.6,1.5,0.5,1.8,25.8,5.5,10.7,12.3,7.1,25,1,14.9,16.5,11.9,15.5,14.2,6.2,8.3,12.9,0.2,1.2,4.3,2.6,5.6
1985,1,3.1,8.5,10.2,13,17.8,1.5,7.9,14.6,10.1,13.5,9.3,8.6,16.5,17.3,0.5,10.5,13.7,12.7,11,2.3,0.8,7.4,8.7,5.2,8.3,3.4,13.8,0.8,1.1,0.5,2.7,13.1,2.2,2,1.4,14.8,0.9,9.7,2.1,2.7,33.9,7.9,2.5,12.8,11.4,10.4,17.6,1.4,9.6,6.3,10.7,9.5,8.4,7.7,15.7,8.6,1.9,1,14.8,0.9,12.6,13,10.3,11.2,4.3,1.8,9.2,11.3,2.5,6,13.2,8.2,7.3,1.7,1.6,7.3,5,6.9,15.5,11,0.7,0.8,10,16.2,9.4,16.2,10.8,10,1.4,16.7,9.3,1.5,23.2,23.6,6.2,0.6,16.2,17,5.3,2.7,16.8,17.3,10.8,12.3,1,1.2,2.8,1.2,1.6,18.1,33.4,2.7,4.1,13.6,25.1,10.4,7.3,9.3,9.9,1.4,0.9,5.4,48.7,0.6,7.7,14.3,9.8,1.2,1.6,26.6,2.5,10.4,9.6,1.7,35.1,8.5,7.8,6.5,9,1.3,13.5,8,18.8,11.2,16.3,0.9,9.1,7.6,8.4,26.4,2.5,17.1,2.4,10.8,5.4,2.2,3.4,11.3,11.2,7.5,2,12.9,1.2,0.8,13.2,0.9,1.8,13,6.4,10.1,7.4,11.8,5.3,1.7,1.6,0.5,1.9,26.5,5.7,11.1,13,7.2,25.9,1.1,15.2,16.8,12.3,16,14.6,6.4,8.7,13.3,0.2,1.2,4.6,2.7,5.8
1986,1,3.2,8.7,10.6,13.4,18.2,1.6,8.2,15,10.3,13.8,9.6,8.8,17,17.7,0.5,10.8,14.1,13,11.2,2.4,0.9,7.7,8.9,5.7,8.6,3.6,14.2,0.9,1.1,0.6,2.8,13.5,2.4,2.1,1.4,15.2,0.9,10.1,2.2,2.8,34.6,8.2,2.6,13.1,11.8,10.9,17.9,1.5,9.9,6.5,11.3,9.9,8.7,8.1,16.1,9,2,1.1,15,0.9,12.9,13.4,10.7,11.5,4.6,2,9.5,11.6,2.6,6.1,13.6,8.5,7.6,1.8,1.7,7.6,5.3,7.2,15.8,11.3,0.7,0.9,10.4,16.7,9.8,16.5,11.1,10.4,1.4,17.3,9.6,1.6,23.9,24.3,6.4,0.7,16.4,17.6,5.5,2.9,17.3,17.6,11,12.7,1,1.3,3,1.3,1.7,18.4,34.1,2.9,4.3,14.1,25.8,10.7,7.6,9.7,10.3,1.5,1,5.6,49.1,0.6,7.9,14.7,10.1,1.2,1.7,27.4,2.6,10.7,10.1,1.9,35.8,8.8,8.1,6.8,9.2,1.4,13.8,8.3,19.1,11.5,16.5,1,9.4,7.9,8.8,27.1,2.7,17.7,2.5,11.1,5.6,2.3,3.5,11.6,11.4,7.8,2.1,13.2,1.3,0.8,13.5,1,1.9,13.4,6.7,10.3,7.8,12.2,5.5,1.8,1.7,0.5,2,27.2,5.9,11.5,13.6,7.4,26.8,1.1,15.5,17.1,12.6,16.5,14.9,6.6,9.1,13.7,0.3,1.3,4.8,2.8,6.1
1987,1.1,3.4,9,11,13.8,18.6,1.7,8.5,15.4,10.6,14.2,9.8,9.1,17.5,18,0.6,11,14.4,13.2,11.5,2.6,1,8.1,9.2,6.1,9,3.8,14.5,1,1.2,0.6,3,13.9,2.6,2.2,1.5,15.6,1,10.4,2.3,3,35.3,8.6,2.8,13.4,12.2,11.3,18.1,1.6,10.2,6.7,11.9,10.2,9,8.4,16.5,9.3,2.1,1.2,15.2,1,13.2,13.9,11.1,11.8,4.9,2.1,9.8,11.9,2.7,6.3,13.9,8.7,7.9,1.9,1.8,7.9,5.6,7.5,16.1,11.6,0.8,1,10.7,17.1,10.1,16.8,11.3,10.7,1.4,18,9.9,1.6,24.6,24.9,6.6,0.7,16.6,18.2,5.7,3.1,17.8,18,11.3,13,1.1,1.3,3.2,1.4,1.8,18.7,34.8,3.1,4.4,14.5,26.4,11,7.9,10.1,10.7,1.6,1,5.8,49.5,0.7,8.2,15.1,10.5,1.3,1.8,28.2,2.7,11,10.7,2,36.6,9.2,8.5,7.1,9.5,1.5,14,8.6,19.5,11.9,16.7,1,9.7,8.2,9.1,27.8,2.9,18.3,2.6,11.4,5.8,2.4,3.5,11.9,11.7,8.2,2.2,13.6,1.4,0.9,13.9,1,1.9,13.8,7.1,10.6,8.3,12.6,5.6,1.9,1.8,0.6,2.1,28,6.1,12,14.2,7.6,27.8,1.2,15.8,17.4,12.9,17,15.3,6.8,9.5,14.1,0.3,1.3,5.1,2.9,6.4
1988,1.2,3.5,9.3,11.5,14.3,19,1.8,8.8,15.8,10.9,14.5,10.1,9.3,18,18.4,0.6,11.2,14.8,13.5,11.8,2.7,1,8.5,9.5,6.7,9.4,4,14.8,1,1.2,0.7,3.2,14.3,2.8,2.3,1.6,15.9,1.1,10.8,2.4,3.1,36.1,9,2.9,13.7,12.6,11.8,18.4,1.7,10.4,6.9,12.6,10.6,9.3,8.7,16.9,9.7,2.3,1.2,15.4,1,13.5,14.3,11.5,12,5.2,2.2,10.1,12.2,2.9,6.5,14.2,9,8.2,2,2,8.1,5.9,7.8,16.3,12,0.8,1.1,11.1,17.6,10.5,17.1,11.6,11.1,1.5,18.7,10.2,1.7,25.3,25.5,6.8,0.7,16.8,18.8,6,3.4,18.3,18.4,11.6,13.3,1.2,1.4,3.4,1.5,2,19,35.5,3.4,4.6,15,27,11.3,8.2,10.6,11.1,1.8,1.1,6,49.9,0.7,8.5,15.5,10.8,1.4,2,29,2.7,11.3,11.3,2.1,37.3,9.5,8.8,7.4,9.8,1.7,14.3,8.9,19.9,12.3,16.9,1.1,10,8.5,9.5,28.5,3.1,18.9,2.8,11.7,6,2.5,3.6,12.2,12,8.5,2.3,14,1.5,0.9,14.2,1.1,2,14.2,7.4,10.8,8.8,12.9,5.8,2,1.9,0.6,2.2,28.7,6.4,12.4,14.9,7.8,28.8,1.3,16.1,17.7,13.3,17.5,15.7,7,9.9,14.5,0.3,1.4,5.3,3,6.7
1989,1.2,3.7,9.5,11.9,14.7,19.3,1.9,9.1,16.2,11.2,14.9,10.4,9.6,18.5,18.7,0.6,11.4,15.2,13.8,12.1,2.9,1.1,8.8,9.7,7.2,9.8,4.2,15.1,1.1,1.3,0.7,3.4,14.7,3.1,2.4,1.7,16.3,1.2,11.1,2.5,3.3,36.8,9.4,3,14,13,12.2,18.6,1.8,10.7,7.2,13.3,11,9.6,9.1,17.3,10.1,2.4,1.3,15.5,1.1,13.8,14.8,12,12.3,5.5,2.4,10.4,12.5,3,6.6,14.6,9.2,8.6,2.2,2.1,8.4,6.2,8.2,16.6,12.3,0.9,1.1,11.5,18,10.9,17.5,11.9,11.5,1.5,19.4,10.5,1.8,26,26,7,0.8,17.1,19.3,6.2,3.8,18.8,18.7,11.9,13.6,1.2,1.5,3.6,1.6,2.1,19.3,36.2,3.6,4.8,15.4,27.7,11.6,8.5,11,11.6,1.9,1.2,6.3,50.4,0.8,8.8,15.9,11.1,1.5,2.1,29.7,2.8,11.6,11.8,2.2,38,9.8,9.2,7.8,10.1,1.8,14.6,9.3,20.3,12.6,17.1,1.1,10.3,8.8,9.9,29.1,3.3,19.5,2.9,12,6.2,2.6,3.6,12.5,12.2,8.9,2.5,14.4,1.6,1,14.6,1.2,1.6,14.5,7.7,11.1,9.3,13.3,6,2.1,2,0.6,2.3,29.3,6.6,12.8,15.6,8,29.7,1.3,16.3,18,13.6,18.1,16.1,7.2,10.4,14.9,0.3,1.5,5.6,3.1,7
1990,1.3,3.9,9.8,12.4,15.1,19.6,2,9.4,16.6,11.4,15.3,10.7,9.8,19,19.1,0.7,11.6,15.6,14,12.4,3.1,1.2,9.2,10,7.8,10.2,4.4,15.4,1.2,1.4,0.8,3.5,15.2,3.4,2.6,1.8,16.6,1.2,11.5,2.7,3.4,37.5,9.8,3.1,14.3,13.4,12.6,18.8,1.8,11,7.4,14,11.3,9.9,9.5,17.7,10.5,2.5,1.4,15.7,1.1,14.1,15.3,12.4,12.6,5.8,2.6,10.7,12.8,3.2,6.8,14.9,9.5,8.9,2.3,2.3,8.7,6.6,8.5,16.9,12.6,0.9,1.2,11.9,18.4,11.3,17.8,12.1,11.8,1.5,20.1,10.8,1.9,26.7,26.4,7.2,0.8,17.3,19.9,6.5,4.1,19.2,19.1,12.2,13.9,1.3,1.5,3.8,1.7,2.2,19.6,36.9,3.9,4.9,15.9,28.3,11.9,8.8,11.4,12,2.1,1.2,6.5,50.8,0.8,9.1,16.4,11.5,1.6,2.2,30.5,2.9,11.9,12.4,2.3,38.8,10.2,9.6,8.1,10.4,1.9,14.9,9.6,20.8,13,17.3,1.2,10.7,9.2,10.3,29.8,3.5,20,3,12.3,6.3,2.8,3.7,12.8,12.5,9.3,2.6,14.9,1.8,1,14.9,1.2,2.7,14.9,8,11.3,9.9,13.7,6.1,2.3,2.2,0.7,2.4,30,6.9,13.3,16.3,8.2,30.7,1.4,16.6,18.3,14,18.7,16.5,7.4,10.8,15.3,0.3,1.6,5.8,3.2,7.3
1991,1.4,4,10.1,12.8,15.6,19.9,2.2,9.8,17,11.7,15.7,11,10.1,19.5,19.4,0.7,11.9,15.9,14.3,12.7,3.2,1.3,9.6,10.3,8.4,10.6,4.6,15.7,1.3,1.5,0.8,3.7,15.6,3.7,2.7,1.9,17,1.3,11.9,2.8,3.6,38.3,10.2,3.3,14.6,13.8,13,19,1.9,11.3,7.6,14.6,11.7,10.2,9.8,18.1,10.9,2.7,1.4,15.9,1.2,14.4,15.8,12.8,12.9,6.1,2.7,11,13.2,3.4,7,15.3,9.8,9.3,2.4,2.5,8.9,7,8.9,17.2,12.9,1,1.3,12.3,18.9,11.7,18.1,12.4,12.2,1.6,20.7,11.1,2,27.4,26.7,7.4,0.9,17.5,20.4,6.8,4.4,19.7,19.4,12.5,14.3,1.4,1.6,4,1.8,2.3,19.9,37.7,4.2,5.1,16.4,29,12.2,9,11.9,12.5,2.2,1.3,6.8,51.2,0.9,9.4,16.9,11.9,1.6,2.4,31.2,3,12.3,12.9,2.4,39.5,10.5,9.9,8.5,10.7,2.1,15.1,10,21.3,13.4,17.5,1.3,11,9.5,10.7,30.5,3.7,20.6,3.2,12.6,6.5,2.9,3.8,13.1,12.7,9.7,2.7,15.3,1.9,1.1,15.3,1.3,2.8,15.3,8.3,11.6,10.4,14.1,6.3,2.4,2.3,0.7,2.6,30.7,7.2,13.7,16.9,8.4,31.7,1.5,16.9,18.6,14.4,19.3,16.9,7.6,11.3,15.8,0.3,1.7,6,3.3,7.6
1992,1.5,4.2,10.4,13.3,16.1,20.2,2.3,10.1,17.4,12,16.2,11.3,10.4,20,19.8,0.8,12.1,16.3,14.6,13.1,3.4,1.4,10,10.5,9,11,4.8,16,1.3,1.6,0.9,3.9,16.1,4,2.8,2,17.3,1.4,12.3,2.9,3.7,39,10.7,3.4,14.9,14.2,13.4,19.2,2,11.6,7.8,15.3,12.1,10.5,10.2,18.5,11.3,2.9,1.5,16.1,1.3,14.7,16.4,13.2,13.2,6.5,2.9,11.3,13.5,3.6,7.1,15.6,10.2,9.6,2.5,2.6,9.2,7.4,9.3,17.4,13.3,1,1.4,12.7,19.2,12.1,18.4,12.7,12.6,1.6,21.4,11.4,2.1,28.2,26.9,7.7,1,17.7,20.9,7.1,4.7,20.1,19.7,12.8,14.6,1.5,1.7,4.3,1.9,2.5,20.3,38.4,4.4,5.3,16.9,29.6,12.5,9.3,12.3,12.9,2.4,1.4,7,51.7,0.9,9.8,17.3,12.3,1.7,2.5,31.8,3.1,12.6,13.3,2.6,40.2,10.9,10.3,8.9,11,2.2,15.4,10.4,21.9,13.7,17.6,1.3,11.3,9.9,11.1,31.2,3.9,21.1,3.3,12.9,6.7,3.1,3.8,13.4,13,10.1,2.8,15.7,2,1.2,15.6,1.4,3.2,15.7,8.5,11.9,10.9,14.5,6.5,2.5,2.4,0.8,2.7,31.5,7.5,14.2,17.6,8.6,32.7,1.6,17.2,18.9,14.8,19.9,17.3,7.8,11.7,16.2,0.4,1.7,6.2,3.4,7.9
1993,1.5,4.4,10.7,13.8,16.6,20.4,2.4,10.4,17.8,12.3,16.6,11.6,10.6,20.5,20.2,0.8,12.4,16.6,14.9,13.4,3.6,1.5,10.4,10.8,9.6,11.4,5.1,16.3,1.4,1.7,0.9,4.2,16.6,4.3,2.9,2.1,17.7,1.5,12.6,3.1,3.9,39.7,11.2,3.6,15.2,14.6,13.8,19.4,2.2,11.9,7.9,15.9,12.5,10.8,10.6,19,11.8,3,1.6,16.2,1.3,15,16.9,13.6,13.5,6.8,3.1,11.6,13.8,3.8,7.3,16,10.6,10,2.6,2.8,9.4,7.8,9.7,17.7,13.6,1.1,1.5,13.2,19.6,12.5,18.8,12.9,12.9,1.7,22,11.7,2.2,28.9,27,7.9,1,17.9,21.4,7.4,4.9,20.5,20,13.2,14.9,1.6,1.8,4.5,2,2.6,20.6,39.1,4.7,5.5,17.4,30.3,12.7,9.6,12.8,13.4,2.5,1.5,7.3,52.1,1,10.1,17.8,12.6,1.8,2.7,32.5,3.2,13,13.8,2.7,40.9,11.3,10.7,9.3,11.3,2.4,15.7,10.8,22.4,14.1,17.8,1.4,11.7,10.2,11.5,31.9,4.2,21.7,3.5,13.2,7,3.2,3.9,13.7,13.2,10.5,3,16.2,2.1,1.3,15.9,1.4,3.1,16,8.7,12.2,11.3,14.9,6.6,2.7,2.6,0.9,2.9,32.2,7.8,14.7,18.2,8.9,33.6,1.7,17.4,19.2,15.2,20.6,17.7,8,12.2,16.6,0.4,1.8,6.5,3.5,8.2
1994,1.6,4.6,11,14.3,17.1,20.7,2.6,10.7,18.2,12.5,17.1,11.9,10.9,21,20.6,0.9,12.7,16.9,15.2,13.8,3.8,1.6,10.8,11,10.2,11.8,5.3,16.7,1.5,1.8,1,4.4,17.1,4.6,3.1,2.2,18.1,1.6,13,3.2,4,40.4,11.7,3.8,15.6,15,14.2,19.6,2.3,12.2,8.1,16.4,13,11.1,10.9,19.4,12.3,3.2,1.7,16.4,1.4,15.3,17.5,14,13.8,7.2,3.3,11.9,14.2,4,7.5,16.4,10.9,10.4,2.8,3,9.7,8.2,10,18,13.9,1.2,1.6,13.6,20,13,19.1,13.2,13.3,1.7,22.7,12,2.4,29.7,27.2,8.1,1.1,18.1,21.8,7.7,5,20.9,20.2,13.5,15.3,1.7,1.9,4.8,2.1,2.8,20.9,39.8,5,5.7,17.9,30.9,12.9,9.9,13.2,13.9,2.7,1.5,7.6,52.5,1,10.5,18.3,13,1.9,2.9,33.2,3.3,13.4,14.3,2.9,41.6,11.8,11,9.7,11.6,2.5,15.9,11.2,23,14.4,18,1.5,12,10.6,11.9,32.6,4.4,22.2,3.6,13.6,7.2,3.4,4,13.9,13.5,10.9,3.1,16.6,2.2,1.3,16.3,1.5,2.9,16.4,9,12.5,11.8,15.4,6.8,2.8,2.7,0.9,3,32.9,8.1,15.2,18.8,9.1,34.5,1.8,17.7,19.5,15.7,21.2,18.1,8.2,12.6,17,0.4,1.9,6.7,3.6,8.5
1995,1.7,4.8,11.3,14.8,17.6,21,2.7,11,18.6,12.8,17.6,12.3,11.1,21.4,21,1,13.1,17.2,15.5,14.2,4,1.7,11.2,11.3,10.7,12.2,5.6,17,1.6,1.9,1.1,4.6,17.6,4.9,3.2,2.3,18.5,1.7,13.4,3.4,4.2,41,12.2,3.9,15.9,15.3,14.6,19.8,2.4,12.5,8.3,17,13.4,11.4,11.3,19.8,12.8,3.4,1.8,16.5,1.5,15.6,18.1,14.4,14.1,7.5,3.5,12.2,14.5,4.2,7.7,16.7,11.3,10.8,2.9,3.2,10,8.6,10.4,18.2,14.3,1.2,1.8,14.1,20.3,13.5,19.5,13.5,13.7,1.8,23.3,12.3,2.5,30.4,27.4,8.3,1.2,18.3,22.3,8.1,5.1,21.3,20.5,13.9,15.6,1.8,2,5.1,2.2,2.9,21.3,40.5,5.2,5.9,18.4,31.6,13.2,10.1,13.7,14.3,2.8,1.6,7.9,53,1.1,10.9,18.8,13.4,2,3,33.9,3.4,13.8,14.9,3,42.2,12.2,11.4,10.1,11.9,2.6,16.2,11.6,23.6,14.7,18.1,1.6,12.4,11,12.3,33.3,4.7,22.9,3.8,13.9,7.4,3.5,4,14.2,13.7,11.3,3.3,17.1,2.4,1.4,16.6,1.6,2.7,16.8,9.2,12.9,12.2,15.8,7,2.9,2.8,1,3.2,33.6,8.5,15.7,19.4,9.4,35.4,1.9,17.9,19.8,16.2,21.9,18.5,8.5,13.1,17.4,0.5,2.1,7,3.7,8.9
1996,1.8,5.1,11.7,15.3,18.1,21.2,2.9,11.3,19.1,13.1,18.1,12.6,11.4,21.9,21.3,1,13.4,17.5,15.8,14.6,4.2,1.8,11.6,11.6,11.3,12.7,5.9,17.3,1.7,2,1.1,4.8,18.2,5.2,3.3,2.4,18.9,1.8,13.8,3.5,4.4,41.8,12.7,4.1,16.2,15.7,15,20,2.5,12.8,8.5,17.5,13.9,11.8,11.7,20.3,13.3,3.6,1.9,16.7,1.6,15.9,18.7,14.8,14.5,7.9,3.8,12.5,14.9,4.4,7.9,17.1,11.7,11.2,3.1,3.4,10.4,9.1,10.8,18.5,14.6,1.3,1.9,14.6,20.7,13.9,19.8,13.8,14.1,1.8,24,12.6,2.6,31.2,27.8,8.6,1.3,18.5,22.8,8.4,5.2,21.7,20.7,14.3,15.9,1.9,2.1,5.5,2.4,3.1,21.6,41.1,5.5,6.1,18.9,32.3,13.4,10.4,14.2,14.8,3,1.7,8.2,53.4,1.2,11.3,19.4,13.8,2.1,3.2,34.6,3.6,14.2,15.5,3.2,42.8,12.7,11.8,10.5,12.2,2.7,16.4,12,24.1,15,18.3,1.7,12.8,11.4,12.8,34,5,23.5,3.9,14.2,7.6,3.7,4.1,14.5,14,11.7,3.4,17.6,2.5,1.5,17,1.7,3.6,17.2,9.5,13.2,12.5,16.3,7.2,3.1,3,1,3.3,34.2,8.9,16.2,20,9.7,36.2,2,18.1,20.1,16.6,22.6,18.9,8.7,13.6,17.8,0.5,2.2,7.3,3.8,9.2
1997,1.9,5.3,12,15.8,18.6,21.5,3.1,11.7,19.5,13.3,18.6,12.9,11.7,22.4,21.7,1.1,13.8,17.9,16.1,15,4.4,2,12,11.8,11.8,13.1,6.2,17.6,1.8,2.1,1.2,5.1,18.7,5.5,3.5,2.5,19.3,1.9,14.2,3.7,4.6,42.5,13.2,4.3,16.5,16.1,15.3,20.3,2.7,13.1,8.7,18,14.4,12.1,12,20.7,13.9,3.8,1.9,16.9,1.7,16.2,19.3,15.2,14.8,8.2,4,12.8,15.2,4.7,8.1,17.4,12.1,11.6,3.2,3.6,10.7,9.5,11.3,18.7,15,1.4,2.1,15.1,21.1,14.4,20.1,14.1,14.6,1.9,24.6,12.9,2.8,32.1,28.2,8.8,1.4,18.7,23.3,8.8,5.3,22.2,20.9,14.7,16.2,2,2.2,5.8,2.5,3.2,22,41.8,5.8,6.2,19.4,32.9,13.6,10.7,14.7,15.3,3.2,1.8,8.5,53.8,1.3,11.7,19.9,14.3,2.2,3.4,35.3,3.7,14.6,16.2,3.4,43.4,13.2,12.2,11,12.5,2.9,16.7,12.4,24.7,15.3,18.5,1.9,13.2,11.8,13.2,34.7,5.3,24.2,4.1,14.5,7.9,3.9,4.2,14.7,14.3,12.2,3.6,18.2,2.6,1.6,17.3,1.8,2.7,17.6,9.8,13.5,12.9,16.7,7.4,3.3,3.2,1.1,3.5,34.9,9.3,16.7,20.5,10,37,2.1,18.4,20.5,17.1,23.3,19.3,8.9,14.1,18.2,0.5,2.3,7.7,3.9,9.5
1998,2.1,5.5,12.4,16.3,19.2,21.7,3.2,12,19.9,13.6,19.1,13.3,11.9,22.9,22.1,1.2,14.2,18.2,16.4,15.5,4.6,2.1,12.4,12,12.2,13.6,6.5,17.9,1.9,2.2,1.3,5.3,19.3,5.7,3.6,2.7,19.7,2.1,14.6,3.8,4.8,43.3,13.7,4.5,16.9,16.5,15.7,20.5,2.8,13.4,8.9,18.5,14.9,12.5,12.4,21.2,14.4,3.9,2,17,1.7,16.6,19.9,15.6,15.1,8.6,4.2,13.1,15.6,4.9,8.3,17.8,12.6,12.1,3.4,3.8,11.1,10,11.7,19,15.3,1.5,2.2,15.6,21.4,14.9,20.4,14.4,15,1.9,25.2,13.3,2.9,33,28.7,9.1,1.5,18.9,23.7,9.2,5.4,22.6,21.2,15.1,16.5,2.1,2.4,6.2,2.6,3.4,22.4,42.5,6.1,6.4,19.9,33.5,13.8,11,15.1,15.8,3.3,1.9,8.8,54.3,1.4,12.2,20.4,14.7,2.3,3.6,36,3.8,15.1,16.8,3.5,44,13.7,12.5,11.4,12.9,3,17,12.8,25.2,15.6,18.7,2,13.6,12.1,13.7,35.3,5.6,25,4.3,14.8,8.1,4,4.3,15,14.5,12.6,3.8,18.7,2.7,1.7,17.6,1.9,3.7,18.1,10.1,13.9,13.2,17.2,7.5,3.4,3.3,1.2,3.7,35.6,9.7,17.2,21.1,10.3,37.8,2.2,18.6,20.9,17.6,24.1,19.7,9.2,14.6,18.6,0.6,2.4,8,4,9.9
1999,2.2,5.8,12.8,16.8,19.7,22,3.4,12.3,20.3,13.9,19.7,13.6,12.2,23.4,22.5,1.2,14.7,18.5,16.7,15.9,4.8,2.3,12.8,12.3,12.7,14.1,6.8,18.2,2,2.3,1.4,5.6,19.9,6,3.8,2.8,20.2,2.2,15,4,5,44.1,14.3,4.7,17.2,16.9,16.1,20.7,2.9,13.7,9.1,18.9,15.5,12.9,12.8,21.7,15,4.1,2.1,17.2,1.8,16.9,20.4,16,15.5,8.9,4.5,13.4,15.9,5.2,8.5,18.2,13,12.5,3.5,4.1,11.5,10.5,12.1,19.3,15.7,1.5,2.4,16.1,21.8,15.4,20.8,14.7,15.4,2,25.8,13.6,3.1,33.9,29.1,9.4,1.6,19.1,24.2,9.6,5.5,23.1,21.4,15.5,16.8,2.2,2.5,6.6,2.8,3.6,22.7,43.1,6.4,6.6,20.3,34.2,14,11.3,15.6,16.3,3.5,2.1,9.1,54.7,1.5,12.6,21,15.1,2.4,3.8,36.7,3.9,15.5,17.5,3.7,44.5,14.2,12.9,11.9,13.2,3.1,17.2,13.3,25.7,15.9,18.8,2.1,14,12.5,14.1,36,5.9,25.6,4.5,15.2,8.4,4.2,4.3,15.2,14.8,13.1,3.9,19.2,2.8,1.8,18,2,5.5,18.5,10.4,14.2,13.5,17.7,7.8,3.6,3.5,1.3,3.9,36.3,10.1,17.7,21.6,10.6,38.5,2.3,18.8,21.3,18.1,24.8,20.1,9.5,15.1,19,0.6,2.5,8.4,4.1,10.2
2000,2.3,6,13.2,17.4,20.2,22.2,3.6,12.7,20.7,14.2,20.2,14,12.5,23.9,22.9,1.3,15.1,18.8,17,16.4,5,2.4,13.2,12.6,13.1,14.5,7.2,18.6,2.1,2.4,1.5,5.8,20.5,6.3,3.9,2.9,20.6,2.4,15.4,4.1,5.2,44.9,14.8,5,17.5,17.3,16.4,21,3.1,14,9.3,19.4,16,13.3,13.2,22.2,15.6,4.3,2.3,17.4,1.9,17.2,21,16.4,15.8,9.3,4.8,13.7,16.3,5.5,8.7,18.5,13.5,12.9,3.7,4.3,11.9,10.9,12.6,19.6,16,1.6,2.6,16.6,22.2,16,21.1,15,15.9,2.1,26.4,14,3.2,34.9,29.6,9.6,1.7,19.3,24.6,10,5.6,23.5,21.6,15.8,17.1,2.3,2.7,7,3,3.8,23.1,43.7,6.7,6.8,20.8,34.7,14.2,11.6,16.2,16.7,3.7,2.2,9.5,55.1,1.6,13,21.5,15.6,2.5,4,37.5,4,16,18,3.9,45,14.7,13.3,12.3,13.5,3.3,17.5,13.7,26.2,16.2,19,2.3,14.4,12.9,14.6,36.7,6.3,26.2,4.7,15.5,8.6,4.4,4.4,15.5,15.1,13.5,4.1,19.7,2.9,1.9,18.3,2.1,5.8,18.9,10.7,14.6,13.9,18.2,8,3.8,3.7,1.4,4.1,37,10.6,18.2,22.2,11,39.3,2.4,19.1,21.8,18.6,25.5,20.6,9.8,15.6,19.4,0.6,2.7,8.8,4.2,10.5
2001,2.4,6.2,13.6,17.9,20.8,22.5,3.8,13,21.2,14.4,20.7,14.3,12.8,24.3,23.3,1.4,15.6,19.1,17.3,16.9,5.2,2.6,13.6,12.8,13.6,15,7.5,18.9,2.3,2.5,1.6,6.1,21,6.6,4.1,3.1,21,2.5,15.7,4.3,5.4,45.8,15.4,5.2,17.9,17.7,16.8,21.2,3.3,14.4,9.6,19.9,16.6,13.6,13.6,22.7,16.1,4.5,2.4,17.6,2,17.5,21.5,16.7,16.2,9.6,5,14.1,16.6,5.8,8.9,18.9,13.9,13.4,3.9,4.5,12.4,11.5,13.1,19.9,16.4,1.7,2.8,17.1,22.6,16.5,21.4,15.3,16.4,2.2,26.9,14.4,3.4,35.8,30.1,9.9,1.8,19.5,24.9,10.4,5.7,24,21.9,16.2,17.4,2.4,2.8,7.5,3.2,4,23.5,44.4,7,7,21.3,35.4,14.5,11.9,16.6,17.2,3.8,2.3,9.8,55.5,1.7,13.5,22.1,16,2.7,4.2,38.2,4.2,16.4,18.5,4.1,45.6,15.2,13.7,12.8,13.9,3.4,17.8,14.1,26.8,16.5,19.3,2.4,14.8,13.3,15.1,37.4,6.6,26.7,4.9,15.8,8.9,4.6,4.5,15.8,15.4,14,4.3,20.2,3,2,18.6,2.2,5,19.4,11.1,14.9,14.2,18.7,8.2,4,3.9,1.5,4.3,37.7,11,18.7,22.7,11.3,40,2.5,19.3,22.3,19.2,26.2,21,10.1,16.2,19.9,0.7,2.8,9.2,4.4,10.9
2002,2.6,6.5,14,18.5,21.3,22.7,4.1,13.3,21.6,14.7,21.3,14.7,13.2,24.8,23.6,1.5,16,19.5,17.6,17.3,5.5,2.8,14,13.1,14,15.5,7.9,19.3,2.4,2.6,1.7,6.4,21.6,6.9,4.2,3.2,21.5,2.7,16.2,4.5,5.6,46.6,16,5.5,18.3,18.2,17.1,21.5,3.4,14.7,9.8,20.3,17.2,13.9,14,23.3,16.7,4.6,2.5,17.8,2.2,17.9,22.1,17.1,16.5,10,5.3,14.5,17,6.1,9.1,19.3,14.4,13.9,4.1,4.8,12.8,12,13.5,20.2,16.8,1.8,3,17.6,23,17,21.7,15.6,16.9,2.2,27.5,14.7,3.6,36.6,30.5,10.2,2,19.7,25.3,10.8,5.9,24.5,22.1,16.6,17.7,2.5,3,7.9,3.4,4.3,23.9,45,7.4,7.2,21.8,36,14.7,12.3,17.1,17.7,4,2.5,10.2,55.9,1.8,13.9,22.7,16.5,2.8,4.4,39,4.3,16.8,18.8,4.3,46.2,15.7,14.1,13.3,14.2,3.6,18.1,14.6,27.4,16.8,19.5,2.6,15.3,13.7,15.6,38.1,6.9,27.1,5.1,16.2,9.2,4.9,4.6,16,15.7,14.4,4.5,20.8,3.1,2.1,19,2.4,3.7,19.8,11.4,15.3,14.5,19.2,8.5,4.2,4.2,1.6,4.5,38.4,11.5,19.2,23.3,11.7,40.8,2.6,19.6,22.8,19.7,26.9,21.4,10.4,16.7,20.3,0.7,3,9.6,4.5,11.2
2003,2.7,6.7,14.5,19.1,21.8,22.9,4.3,13.7,22.1,15,21.8,15,13.5,25.3,24,1.6,16.5,19.8,17.9,17.8,5.7,3,14.4,13.4,14.4,15.9,8.2,19.6,2.6,2.8,1.8,6.7,22.2,7.3,4.4,3.4,21.9,2.8,16.6,4.7,5.8,47.5,16.7,5.7,18.6,18.6,17.5,21.7,3.6,15,10,20.8,17.9,14.4,14.4,23.8,17.3,4.8,2.6,18,2.3,18.2,22.6,17.5,16.9,10.3,5.6,14.9,17.3,6.4,9.4,19.6,14.8,14.3,4.3,5.1,13.3,12.6,14,20.5,17.1,1.9,3.2,18,23.5,17.6,22.1,15.9,17.4,2.4,28.1,15.1,3.8,37.4,31,10.6,2.1,20,25.6,11.2,6.1,25,22.4,17.1,17.9,2.7,3.1,8.4,3.6,4.5,24.2,45.5,7.7,7.5,22.3,36.6,15,12.8,17.6,18.2,4.2,2.6,10.7,56.3,1.9,14.4,23.2,16.9,2.9,4.7,39.7,4.4,17.3,19.2,4.6,46.8,16.2,14.6,13.8,14.6,3.7,18.4,15,27.9,17.1,19.7,2.8,15.7,14.1,16.1,38.8,7.3,27.5,5.3,16.6,9.5,5.1,4.7,16.3,15.9,14.9,4.7,21.3,3.2,2.3,19.3,2.5,4.4,20.3,11.7,15.6,14.8,19.7,8.8,4.4,4.4,1.7,4.7,39.1,11.9,19.7,23.9,12.1,41.5,2.8,19.9,23.4,20.3,27.6,21.9,10.7,17.3,20.6,0.8,3.2,10.1,4.7,11.5
2004,2.9,7,14.9,19.6,22.3,23.2,4.5,14,22.5,15.4,22.4,15.4,13.9,25.7,24.4,1.7,17,20.2,18.2,18.2,6,3.2,14.8,13.7,14.8,16.4,8.6,20,2.8,2.9,1.9,7,22.7,7.6,4.6,3.6,22.4,3,17,4.9,6.1,48.3,17.3,6,19,19,17.8,22,3.8,15.3,10.2,21.3,18.6,14.9,14.8,24.4,17.8,5,2.7,18.2,2.4,18.6,23.2,17.8,17.2,10.7,5.9,15.3,17.7,6.7,9.6,20,15.3,14.8,4.5,5.3,13.8,13.3,14.5,20.9,17.5,2,3.4,18.6,23.9,18.1,22.4,16.2,17.9,2.5,28.6,15.5,4,38.2,31.5,10.9,2.3,20.2,25.9,11.5,6.3,25.5,22.6,17.5,18.2,2.8,3.3,8.9,3.9,4.8,24.6,46.1,8.1,7.7,22.8,37.3,15.2,13.3,18.1,18.7,4.4,2.8,11.1,56.7,2,14.9,23.8,17.4,3.1,4.9,40.5,4.6,17.7,19.6,4.8,47.5,16.7,15,14.2,15,3.9,18.8,15.4,28.3,17.5,19.9,3,16.2,14.4,16.6,39.5,7.7,27.9,5.6,16.9,9.8,5.3,4.8,16.6,16.2,15.4,4.9,21.8,3.3,2.4,19.7,2.7,5.9,20.7,12,16,15.2,20.2,9.1,4.7,4.7,1.8,5,39.9,12.4,20.2,24.5,12.5,42.3,2.9,20.2,23.9,20.8,28.3,22.3,11,17.8,21,0.9,3.3,10.5,4.9,11.9
2005,3,7.3,15.4,20.2,22.8,23.4,4.8,14.4,23,15.7,22.9,15.8,14.3,26.2,24.7,1.8,17.4,20.5,18.5,18.7,6.2,3.4,15.2,14,15.1,16.8,9,20.4,2.9,3.1,2,7.3,23.3,7.9,4.8,3.7,22.8,3.2,17.4,5.1,6.3,49.1,18,6.3,19.4,19.4,18.2,22.3,4,15.7,10.5,21.8,19.3,15.3,15.2,24.9,18.4,5.2,2.9,18.4,2.5,18.9,23.7,18.2,17.6,11.1,6.3,15.7,18,7,9.9,20.4,15.7,15.3,4.7,5.6,14.3,13.9,15,21.3,17.8,2.1,3.6,19.1,24.4,18.7,22.7,16.5,18.4,2.6,29.2,15.9,4.2,38.9,32,11.3,2.5,20.5,26.3,11.9,6.6,26,22.9,17.9,18.5,3,3.4,9.4,4.2,5,25,46.7,8.4,7.9,23.3,37.9,15.5,13.8,18.6,19.2,4.6,3,11.6,57,2.1,15.4,24.4,17.9,3.2,5.2,41.3,4.7,18.2,20,5.1,48.2,17.2,15.5,14.7,15.3,4.1,19.1,15.9,28.7,17.8,20.2,3.2,16.7,14.8,17.2,40.2,8,28.4,5.8,17.3,10,5.5,4.9,16.9,16.5,15.9,5.2,22.3,3.4,2.5,20,2.8,4.8,21.2,12.4,16.3,15.5,20.7,9.4,4.9,5,1.9,5.2,40.6,12.9,20.7,25.1,12.9,43.1,3.1,20.5,24.5,21.4,29,22.8,11.4,18.4,21.4,0.9,3.5,11,5.1,12.2
2006,3.2,7.6,16,20.8,23.4,23.6,5,14.7,23.4,16,23.5,16.1,14.8,26.6,25,1.9,17.9,20.9,18.9,19.1,6.5,3.6,15.7,14.3,15.5,17.3,9.4,20.8,3.1,3.2,2.2,7.7,23.8,8.2,5,3.9,23.3,3.4,17.8,5.3,6.6,49.9,18.6,6.6,19.8,19.9,18.5,22.6,4.2,16,10.7,22.3,20,15.7,15.6,25.5,18.9,5.4,3,18.6,2.7,19.3,24.3,18.5,17.9,11.4,6.6,16.1,18.4,7.4,10.1,20.8,16.2,15.8,4.9,5.9,14.8,14.7,15.6,21.7,18.2,2.3,3.8,19.7,24.9,19.3,23,16.9,18.9,2.7,29.7,16.3,4.4,39.6,32.5,11.7,2.7,20.7,26.7,12.3,6.8,26.5,23.2,18.3,18.8,3.1,3.6,9.9,4.5,5.3,25.3,47.3,8.8,8.1,23.8,38.6,15.7,14.3,19.1,19.8,4.8,3.2,12,57.4,2.3,15.8,24.9,18.4,3.4,5.4,42.1,4.9,18.6,20.5,5.3,48.9,17.7,15.9,15.2,15.7,4.2,19.4,16.3,29.1,18.2,20.4,3.3,17.2,15.1,17.7,40.8,8.4,29,6,17.7,10.4,5.8,5,17.2,16.8,16.5,5.4,22.9,3.5,2.7,20.3,3,4.3,21.6,12.7,16.7,15.9,21.3,9.7,5.1,5.4,2,5.5,41.3,13.3,21.3,25.7,13.4,43.9,3.2,20.8,25,21.9,29.7,23.2,11.8,19,21.8,1,3.7,11.4,5.3,12.5
2007,3.4,7.8,16.5,21.4,23.9,23.8,5.3,15.1,23.9,16.4,24,16.5,15.2,27.1,25.4,2,18.4,21.2,19.2,19.6,6.7,3.9,16.1,14.6,15.8,17.8,9.8,21.2,3.3,3.4,2.3,8,24.4,8.6,5.2,4.1,23.7,3.7,18.2,5.5,6.8,50.6,19.3,6.9,20.2,20.3,18.8,22.9,4.4,16.4,11,22.9,20.7,16.2,16,26.1,19.5,5.6,3.2,18.9,2.8,19.7,24.8,18.9,18.3,11.8,6.9,16.6,18.8,7.7,10.4,21.2,16.7,16.3,5.2,6.2,15.3,15.4,16.1,22.2,18.5,2.4,4.1,20.3,25.4,19.8,23.3,17.2,19.5,2.9,30.3,16.7,4.6,40.3,33,12.1,2.9,21,27.2,12.8,7.1,27.1,23.5,18.7,19.1,3.3,3.8,10.4,4.8,5.6,25.7,47.9,9.1,8.3,24.3,39.3,16,14.9,19.5,20.4,5,3.4,12.5,57.8,2.4,16.3,25.5,18.9,3.6,5.7,42.8,5,19,21.1,5.6,49.7,18.2,16.4,15.7,16.1,4.4,19.8,16.8,29.5,18.6,20.7,3.6,17.7,15.5,18.3,41.5,8.8,29.6,6.3,18,10.7,6,5.1,17.5,17.2,17,5.6,23.4,3.6,2.9,20.7,3.1,5.8,22.1,13.1,17.1,16.2,21.9,10.1,5.4,5.7,2.1,5.7,42,13.8,21.8,26.3,13.8,44.7,3.4,21.1,25.7,22.5,30.3,23.7,12.2,19.5,22.2,1.1,4,11.9,5.5,12.9
2008,3.6,8.1,17,22,24.4,24,5.6,15.5,24.4,16.7,24.6,16.9,15.7,27.6,25.8,2.2,18.9,21.6,19.5,20,7,4.1,16.5,14.9,16.2,18.2,10.2,21.6,3.5,3.6,2.4,8.3,24.9,8.9,5.4,4.3,24.2,3.9,18.7,5.7,7.1,51.3,20,7.2,20.7,20.8,19.1,23.2,4.6,16.7,11.2,23.4,21.5,16.7,16.4,26.7,20,5.8,3.4,19.1,2.9,20,25.4,19.3,18.6,12.1,7.3,17.1,19.2,8,10.7,21.6,17.1,16.8,5.4,6.6,15.8,16.2,16.7,22.6,18.9,2.5,4.3,20.9,25.9,20.4,23.6,17.5,20,3,30.8,17.1,4.9,40.9,33.5,12.5,3.1,21.3,27.7,13.2,7.4,27.6,23.8,19.2,19.4,3.5,4,10.9,5.2,5.9,26.1,48.4,9.5,8.6,24.8,40.1,16.3,15.5,20,20.9,5.2,3.6,13,58.2,2.6,16.8,26.1,19.4,3.7,6,43.6,5.2,19.5,21.8,5.9,50.4,18.6,16.9,16.2,16.5,4.6,20.1,17.2,30,19,20.9,3.8,18.2,15.8,18.8,42.2,9.2,30.2,6.5,18.4,11,6.3,5.2,17.8,17.5,17.6,5.9,24,3.7,3,21,3.3,6.1,22.5,13.4,17.4,16.5,22.5,10.5,5.7,6.1,2.3,6,42.7,14.3,22.3,26.9,14.3,45.5,3.5,21.4,26.3,23.1,31,24.1,12.6,20.1,22.5,1.2,4.2,12.4,5.7,13.2
2009,3.8,8.4,17.6,22.7,24.9,24.2,5.9,15.9,24.8,17.1,25.1,17.3,16.2,28.1,26.2,2.3,19.4,21.9,19.8,20.5,7.3,4.4,17,15.3,16.5,18.7,10.7,22,3.7,3.8,2.6,8.7,25.5,9.2,5.6,4.5,24.7,4.1,19.1,5.9,7.4,52,20.7,7.6,21.1,21.2,19.4,23.6,4.8,17.1,11.5,23.9,22.2,17.1,16.8,27.4,20.6,6,3.5,19.4,3.1,20.4,26,19.6,19,12.5,7.6,17.6,19.5,8.4,10.9,22,17.6,17.3,5.6,6.9,16.3,16.9,17.2,23.1,19.2,2.7,4.6,21.5,26.4,21,23.9,17.8,20.6,3.2,31.4,17.6,5.1,41.6,34,13,3.3,21.5,28.2,13.6,7.7,28.2,24.1,19.6,19.8,3.7,4.2,11.5,5.5,6.2,26.4,49,9.9,8.8,25.3,40.8,16.6,16.1,20.4,21.5,5.4,3.8,13.5,58.5,2.7,17.3,26.6,19.9,3.9,6.4,44.4,5.4,19.9,22.4,6.2,51.1,19.1,17.4,16.7,16.9,4.8,20.5,17.7,30.5,19.4,21.2,4,18.7,16.2,19.4,42.8,9.6,30.8,6.8,18.8,11.4,6.5,5.3,18.1,17.8,18.1,6.2,24.5,3.8,3.2,21.3,3.5,5.1,23,13.8,17.8,16.9,23.1,10.9,6,6.5,2.4,6.3,43.4,14.8,22.9,27.6,14.8,46.2,3.7,21.7,27,23.6,31.7,24.6,13,20.7,22.9,1.3,4.4,13,6,13.5
2010,4,8.7,18.2,23.3,25.4,24.4,6.2,16.2,25.3,17.5,25.6,17.6,16.6,28.5,26.6,2.5,19.8,22.3,20.1,21,7.6,4.6,17.4,15.6,16.9,19.2,11.1,22.4,4,4,2.7,9,26,9.6,5.9,4.7,25.1,4.4,19.5,6.2,7.7,52.6,21.4,7.9,21.6,21.7,19.8,23.9,5.1,17.4,11.8,24.5,23,17.7,17.2,28,21.1,6.3,3.7,19.6,3.3,20.8,26.5,20,19.3,12.8,8,18.2,19.9,8.7,11.2,22.4,18.1,17.8,5.9,7.2,16.8,17.7,17.8,23.5,19.6,2.8,4.9,22.1,26.9,21.6,24.2,18.1,21.1,3.3,31.9,18,5.4,42.2,34.6,13.4,3.5,21.8,28.7,14.1,8,28.8,24.4,20,20.1,3.9,4.4,12,5.9,6.5,26.8,49.6,10.3,9.1,25.8,41.5,16.9,16.7,20.8,22.1,5.7,4,14,58.9,2.9,17.7,27.2,20.4,4.1,6.7,45.2,5.5,20.4,23.1,6.5,51.8,19.6,17.9,17.2,17.3,5,20.8,18.1,31.1,19.8,21.4,4.2,19.3,16.5,20,43.4,10,31.5,7.1,19.2,11.7,6.8,5.4,18.4,18.1,18.7,6.4,25.1,3.9,3.4,21.7,3.7,6.5,23.5,14.1,18.2,17.3,23.8,11.3,6.3,7,2.6,6.5,44.1,15.3,23.4,28.2,15.3,47,3.9,22,27.7,24.2,32.3,25.1,13.5,21.3,23.3,1.4,4.7,13.5,6.3,13.8
2011,4.2,9,18.8,24,25.9,24.6,6.5,16.7,25.8,17.9,26.2,18,17.2,29,27.1,2.6,20.4,22.7,20.4,21.5,7.9,4.9,17.9,16,17.2,19.6,11.6,22.8,4.2,4.2,2.9,9.4,26.6,9.9,6.1,4.9,25.6,4.7,20,6.4,8,53.2,22.2,8.3,22,22.2,20.1,24.2,5.3,17.8,12,25,23.8,18.2,17.6,28.6,21.7,6.5,3.9,19.9,3.4,21.2,27.1,20.3,19.7,13.2,8.4,18.7,20.3,9.1,11.5,22.8,18.6,18.4,6.2,7.6,17.4,18.6,18.4,24,20,3,5.2,22.7,27.5,22.2,24.5,18.3,21.7,3.5,32.5,18.5,5.6,42.8,35.1,13.9,3.8,22.1,29.2,14.5,8.3,29.4,24.7,20.4,20.5,4.1,4.6,12.6,6.3,6.8,27.1,50.1,10.6,9.3,26.3,42.2,17.2,17.3,21.2,22.8,5.9,4.3,14.6,59.3,3.1,18.2,27.8,20.9,4.3,7,46,5.7,20.8,23.7,6.8,52.4,20.1,18.5,17.7,17.7,5.2,21.2,18.6,31.8,20.2,21.7,4.5,19.8,17,20.6,44.1,10.3,32.1,7.3,19.6,12,7.1,5.5,18.8,18.4,19.3,6.7,25.6,4,3.6,22,3.9,6.1,24,14.5,18.6,17.6,24.4,11.8,6.6,7.4,2.8,6.8,44.7,15.8,24,28.9,15.8,47.8,4.1,22.4,28.3,24.8,33,25.5,13.9,22,23.7,1.5,4.9,14.1,6.5,14.1
2012,4.4,9.3,19.3,24.7,26.4,24.8,6.8,17.1,26.3,18.3,26.7,18.4,17.7,29.5,27.6,2.8,20.9,23,20.7,22,8.2,5.2,18.3,16.3,17.5,20.1,12.1,23.2,4.5,4.4,3.1,9.8,27.1,10.3,6.4,5.1,26.1,5,20.4,6.7,8.3,53.8,22.9,8.7,22.5,22.6,20.4,24.5,5.6,18.1,12.3,25.6,24.5,18.7,18.1,29.3,22.2,6.8,4.1,20.1,3.6,21.6,27.7,20.7,20.1,13.5,8.7,19.3,20.7,9.4,11.8,23.2,19.1,18.9,6.4,7.9,17.9,19.4,19,24.5,20.3,3.1,5.5,23.3,28,22.8,24.8,18.7,22.3,3.6,33.1,19,5.9,43.5,35.6,14.4,4.1,22.4,29.7,14.9,8.6,30,25,20.9,20.8,4.3,4.8,13.1,6.7,7.2,27.5,50.7,11,9.6,26.8,42.9,17.5,17.9,21.6,23.4,6.1,4.6,15.1,59.6,3.3,18.6,28.4,21.5,4.5,7.4,46.8,5.9,21.3,24.3,7.1,53.1,20.6,19,18.2,18.1,5.4,21.5,19,32.4,20.7,21.9,4.7,20.4,17.4,21.2,44.7,10.7,32.8,7.6,20,12.4,7.4,5.6,19.1,18.8,19.9,7,26.1,4.1,3.8,22.4,4.1,6.4,24.4,14.9,19,18,25.1,12.2,6.9,7.9,2.9,7.1,45.4,16.3,24.6,29.5,16.3,48.6,4.3,22.7,29,25.4,33.6,26,14.4,22.6,24,1.6,5.2,14.6,6.8,14.3
2013,4.7,9.6,19.9,25.3,27,25,7.1,17.5,26.8,18.8,27.3,18.8,18.2,30,28.2,3,21.4,23.4,21,22.5,8.6,5.5,18.8,16.7,17.9,20.6,12.6,23.7,4.7,4.6,3.3,10.2,27.7,10.7,6.6,5.3,26.5,5.2,20.9,6.9,8.6,54.3,23.6,9,22.9,23.1,20.7,24.9,5.9,18.5,12.6,26.2,25.3,19.1,18.5,30,22.8,7.1,4.3,20.4,3.8,22,28.3,21.1,20.4,13.9,9.1,19.9,21.1,9.8,12.1,23.6,19.6,19.5,6.7,8.3,18.4,20.2,19.5,25,20.7,3.3,5.8,24,28.6,23.4,25.1,19,22.9,3.8,33.7,19.5,6.2,44.1,36.2,14.9,4.4,22.7,30.3,15.3,8.9,30.6,25.3,21.3,21.2,4.5,5,13.7,7.2,7.5,27.8,51.3,11.4,9.9,27.3,43.7,17.8,18.6,22,24.1,6.4,4.8,15.6,60,3.5,19.1,29,22,4.8,7.7,47.6,6.1,21.7,24.9,7.5,53.7,21.1,19.6,18.7,18.5,5.7,21.9,19.5,33.1,21.1,22.2,5,21,18,21.8,45.4,11.2,33.4,7.9,20.3,12.8,7.7,5.7,19.4,19.1,20.6,7.3,26.7,4.3,4,22.7,4.4,5.7,24.9,15.3,19.4,18.4,25.8,12.7,7.3,8.4,3.1,7.4,46.1,16.9,25.1,30.2,16.9,49.4,4.5,23,29.7,26,34.3,26.5,14.9,23.2,24.4,1.7,5.5,15.2,7.1,14.6
2014,4.9,9.9,20.5,26,27.5,25.2,7.5,18,27.3,19.2,27.9,19.2,18.8,30.5,28.8,3.2,22,23.7,21.4,23,8.9,5.7,19.3,17.1,18.2,21.1,13.1,24.1,5,4.9,3.5,10.6,28.3,11,6.9,5.6,27,5.5,21.4,7.2,8.9,54.9,24.3,9.4,23.4,23.6,21.1,25.2,6.1,18.9,12.9,26.8,26.1,19.6,19,30.6,23.4,7.4,4.5,20.7,4,22.4,28.9,21.4,20.8,14.3,9.5,20.5,21.5,10.1,12.5,24,20.2,20,7,8.7,19,21,20.1,25.4,21.1,3.5,6.1,24.6,29.2,24,25.5,19.3,23.5,3.9,34.3,20,6.5,44.7,36.8,15.5,4.7,23,30.8,15.7,9.2,31.3,25.6,21.7,21.6,4.8,5.3,14.3,7.6,7.9,28.2,51.8,11.8,10.2,27.8,44.4,18.2,19.2,22.4,24.7,6.7,5.1,16.1,60.3,3.7,19.5,29.6,22.5,5,8.1,48.4,6.3,22.2,25.6,7.8,54.2,21.6,20.1,19.2,18.9,5.9,22.3,19.9,33.8,21.6,22.5,5.3,21.6,18.5,22.4,46,11.6,34.1,8.2,20.7,13.2,8,5.8,19.8,19.5,21.2,7.6,27.2,4.4,4.2,23.1,4.6,5.8,25.4,15.7,19.8,18.7,26.4,13.2,7.6,8.9,3.3,7.8,46.8,17.4,25.7,30.8,17.4,50.1,4.8,23.4,30.3,26.6,34.9,27,15.4,23.9,24.8,1.8,5.8,15.9,7.4,14.9
2015,5.2,10.3,21.1,26.7,28,25.4,7.9,18.4,27.8,19.7,28.4,19.7,19.3,31,29.3,3.4,22.5,24.1,21.7,23.6,9.3,6.1,19.7,17.5,18.6,21.6,13.6,24.5,5.3,5.1,3.7,11,28.8,11.4,7.2,5.8,27.5,5.9,21.9,7.5,9.2,55.4,25,9.8,23.9,24.1,21.4,25.6,6.4,19.3,13.2,27.3,26.9,20.3,19.4,31.3,24,7.7,4.8,20.9,4.3,22.9,29.5,21.8,21.2,14.6,9.9,21.1,21.9,10.5,12.8,24.4,20.7,20.6,7.4,9.1,19.6,21.8,20.8,25.9,21.5,3.7,6.5,25.2,29.8,24.7,25.8,19.6,24.1,4.1,34.9,20.5,6.8,45.3,37.4,16,5,23.3,31.4,16.2,9.6,31.9,26,22.2,22,5.1,5.5,14.9,8.1,8.2,28.5,52.4,12.3,10.5,28.3,45.1,18.5,19.9,22.8,25.4,6.9,5.4,16.7,60.7,3.9,20,30.2,23.1,5.2,8.5,49.2,6.5,22.6,26.3,8.2,54.8,22.2,20.7,19.8,19.3,6.2,22.7,20.4,34.5,22.1,22.8,5.6,22.3,19.1,23.1,46.7,12,34.7,8.5,21.1,13.5,8.3,6,20.1,19.8,21.9,7.9,27.8,4.5,4.4,23.4,4.9,8.6,25.9,16.1,20.2,19.1,27.1,13.7,8,9.4,3.6,8.1,47.5,18,26.3,31.5,18,50.9,5,23.7,31,27.2,35.6,27.5,16,24.5,25.2,2,6.1,16.5,7.7,15.2
2016,5.5,10.6,21.7,27.4,28.6,25.6,8.2,18.9,28.3,20.2,29,20.1,19.9,31.6,29.8,3.6,23.1,24.5,22.1,24.1,9.6,6.4,20.2,17.9,18.9,22.1,14.1,25,5.6,5.4,3.9,11.4,29.4,11.8,7.5,6.1,28,6.2,22.3,7.8,9.6,55.9,25.7,10.3,24.4,24.6,21.8,26,6.7,19.7,13.5,27.9,27.6,20.8,19.9,32,24.6,8,5,21.2,4.5,23.3,30.2,22.2,21.6,15,10.3,21.7,22.3,10.9,13.1,24.9,21.3,21.2,7.7,9.5,20.2,22.7,21.4,26.4,21.9,3.9,6.9,25.8,30.4,25.3,26.1,19.9,24.7,4.3,35.5,21,7.1,46,37.9,16.6,5.3,23.6,32,16.6,9.9,32.5,26.3,22.6,22.4,5.3,5.8,15.6,8.6,8.6,28.9,52.9,12.7,10.8,28.9,45.8,18.9,20.6,23.3,26.1,7.2,5.8,17.2,61,4.1,20.4,30.8,23.7,5.5,8.9,50,6.8,23.1,27,8.6,55.3,22.7,21.3,20.3,19.7,6.4,23.1,20.8,35.1,22.5,23.1,5.8,22.9,19.7,23.7,47.3,12.4,35.4,8.8,21.5,14,8.7,6.1,20.5,20.2,22.5,8.3,28.3,4.7,4.7,23.8,5.2,8.6,26.4,16.5,20.6,19.5,27.8,14.2,8.4,10,3.8,8.4,48.2,18.6,26.9,32.1,18.6,51.6,5.3,24.1,31.7,27.8,36.2,27.9,16.6,25.2,25.6,2.1,6.4,17.1,8.1,15.5
2017,5.766666667,10.92380952,22.29047619,28.08571429,29.14285714,25.8,8.542857143,19.35238095,28.8,20.66666667,29.56666667,20.52380952,20.45238095,32.12857143,30.33333333,3.795238095,23.65238095,24.87142857,22.44761905,24.62380952,9.938095238,6.704761905,20.66666667,18.29047619,19.23809524,22.5952381,14.6,25.44285714,5.880952381,5.647619048,4.1,11.8,29.96666667,12.17619048,7.780952381,6.347619048,28.48571429,6.50952381,22.76190476,8.080952381,9.928571429,56.43333333,26.4047619,10.71428571,24.88095238,25.09047619,22.14761905,26.36666667,6.976190476,20.09047619,13.7952381,28.47142857,28.36190476,21.33333333,20.35714286,32.67619048,25.19047619,8.295238095,5.223809524,21.46666667,4.719047619,23.72380952,30.82857143,22.57619048,21.98571429,15.36666667,10.69047619,22.2952381,22.7,11.27142857,13.41904762,25.32857143,21.84761905,21.77142857,8.014285714,9.89047619,20.77619048,23.53333333,22.00952381,26.88095238,22.29047619,4.09047619,7.252380952,26.41428571,30.99047619,25.92380952,26.41904762,20.2047619,25.3,4.471428571,36.1,21.5,7.395238095,46.63809524,38.45714286,17.14761905,5.6,23.9,32.56666667,17.02380952,10.22380952,33.11904762,26.62380952,23.03333333,22.79047619,5.542857143,6.047619048,16.21904762,9.066666667,8.957142857,29.25714286,53.44761905,13.11904762,11.0952381,29.42857143,46.51428571,19.24761905,21.26666667,23.72857143,26.77142857,7.461904762,6.114285714,17.72857143,61.34285714,4.3,20.84285714,31.4,24.26190476,5.742857143,9.280952381,50.8,7.028571429,23.55714286,27.67142857,8.966666667,55.86190476,23.22380952,21.87142857,20.82380952,20.1,6.638095238,23.49047619,21.24285714,35.76190476,22.95238095,23.39047619,6.061904762,23.51904762,20.25714286,24.32380952,47.94285714,12.80952381,36.05714286,9.095238095,21.88571429,14.4,9.028571429,6.223809524,20.85238095,20.55714286,23.13809524,8.628571429,28.83809524,4.842857143,4.928571429,24.15714286,5.466666667,9.195238095,26.89047619,16.9,21,19.87619048,28.47619048,14.69047619,8.766666667,10.52380952,4.014285714,8.719047619,48.8952381,19.16666667,27.48571429,32.74285714,19.16666667,52.35238095,5.547619048,24.45238095,32.37619048,28.4,36.84285714,28.36666667,17.14761905,25.85238095,25.99047619,2.223809524,6.695238095,17.70952381,8.423809524,15.79047619
2018,6.038095238,11.24965986,22.8829932,28.77210884,29.68843537,26,8.888435374,19.80544218,29.3,21.13809524,30.13333333,20.94965986,21.00544218,32.66054422,30.86666667,3.993877551,24.20544218,25.24421769,22.79931973,25.14965986,10.27755102,7.010884354,21.13333333,18.6829932,19.57755102,23.09387755,15.1,25.88843537,6.165986395,5.899319728,4.3,12.2,30.53333333,12.55510204,8.065986395,6.599319728,28.97210884,6.821768707,23.22244898,8.365986395,10.26054422,56.96190476,27.10612245,11.13265306,25.36598639,25.5829932,22.49931973,26.73809524,7.255102041,20.4829932,14.09387755,29.04421769,29.12244898,21.87142857,20.81632653,33.35510204,25.7829932,8.593877551,5.449659864,21.73333333,4.943537415,24.14965986,31.46054422,22.95510204,22.37210884,15.73333333,11.0829932,22.89387755,23.1,11.64421769,13.73877551,25.76054422,22.39931973,22.34421769,8.332653061,10.2829932,21.35510204,24.36666667,22.62176871,27.36122449,22.6829932,4.282993197,7.610204082,27.02789116,31.5829932,26.54965986,26.73877551,20.51088435,25.9,4.644217687,36.7,22,7.693877551,47.27755102,39.01632653,17.69931973,5.9,24.2,33.13809524,17.44965986,10.54965986,33.73877551,26.94965986,23.46666667,23.1829932,5.788435374,6.299319728,16.84353741,9.538095238,9.316326531,29.61632653,53.99455782,13.54353741,11.39387755,29.96054422,47.22789116,19.59931973,21.93809524,24.16054422,27.44421769,7.727210884,6.432653061,18.25578231,61.68367347,4.5,21.28367347,32,24.82721088,5.988435374,9.665986395,51.6,7.260544218,24.01632653,28.34897959,9.338095238,56.41768707,23.74965986,22.44421769,21.34965986,20.5,6.87755102,23.8829932,21.68367347,36.42244898,23.40544218,23.6829932,6.32244898,24.14353741,20.82108844,24.94965986,48.58367347,13.22176871,36.71632653,9.393877551,22.27210884,14.8047619,9.360544218,6.349659864,21.20544218,20.91632653,23.77755102,8.960544218,29.37755102,4.988435374,5.160544218,24.51632653,5.738095238,9.860544218,27.3829932,17.3,21.4,20.25510204,29.15510204,15.1829932,9.138095238,11.05442177,4.232653061,9.03877551,49.59387755,19.73809524,28.07210884,33.38367347,19.73809524,53.10068027,5.799319728,24.80544218,33.05510204,29,37.48367347,28.83333333,17.70408163,26.50544218,26.3829932,2.349659864,6.993877551,18.32176871,8.754421769,16.0829932
2019,6.312471655,11.57700032,23.47858763,29.46005831,30.23547133,26.2,9.235471331,20.26164561,29.8,21.61247166,30.7015873,21.37700032,21.56164561,33.19552964,31.3984127,4.192355037,24.76164561,25.62011662,23.15400065,25.67700032,10.61694201,7.318529316,21.6015873,19.07858763,19.91694201,23.59235504,15.6,26.33547133,6.452413346,6.154000648,4.5,12.6,31.1015873,12.93388403,8.352413346,6.854000648,29.46005831,7.137058633,23.68305799,8.652413346,10.59552964,57.48752834,27.80764496,11.55558795,25.85241335,26.07858763,22.85400065,27.11247166,7.53388403,20.87858763,14.39235504,29.61535471,29.88305799,22.41405896,21.27541302,34.03388403,26.37858763,8.892355037,5.677000324,22.0015873,5.169355361,24.57700032,32.09552964,23.33388403,22.76005831,16.1015873,11.47858763,23.49235504,23.5,12.02011662,14.05847101,26.19552964,22.95400065,22.92011662,8.655587949,10.67858763,21.93864593,25.2031746,23.23705863,27.84152899,23.07858763,4.478587626,7.972529964,27.63994169,32.17858763,27.17700032,27.05847101,20.81376741,26.5,4.820116618,37.3,22.5,7.992355037,47.91694201,39.57541302,18.25400065,6.2,24.5,33.71247166,17.87700032,10.87700032,34.35847101,27.27700032,23.8984127,23.57858763,6.035471331,6.554000648,17.47411727,10.01247166,9.675413022,29.97541302,54.53835439,13.96935536,11.69235504,30.49552964,47.93994169,19.95400065,22.61247166,24.59552964,28.12011662,7.993942339,6.755587949,18.78464529,62.02458698,4.7,21.72458698,32.6,25.39394234,6.235471331,10.05241335,52.4,7.49552964,24.47541302,29.03100097,9.712471655,56.96741173,24.27700032,23.02011662,21.87700032,20.9,7.116942015,24.27858763,22.12458698,37.08305799,23.85688371,23.97858763,6.583057985,24.76935536,21.39105928,25.57700032,49.22458698,13.63229673,37.37541302,9.692355037,22.66005831,15.21088435,9.69552964,6.477000324,21.56164561,21.27541302,24.41694201,9.29552964,29.91694201,5.135471331,5.39552964,24.87541302,6.012471655,10.56854551,27.87858763,17.7,21.8,20.63388403,29.83388403,15.67858763,9.512471655,11.58788468,4.455587949,9.358471007,50.29235504,20.31247166,28.66005831,34.02458698,20.31247166,53.84599935,6.054000648,25.16164561,33.73388403,29.6,38.12458698,29.2968254,18.264885,27.16164561,26.77858763,2.477000324,7.292355037,18.93705863,9.087884678,16.37858763
,,,,,,,,,,,,,,,,,,,,,,,,,,,,,,,,,,,,,,,,,,,,,,,,,,,,,,,,,,,,,,,,,,,,,,,,,,,,,,,,,,,,,,,,,,,,,,,,,,,,,,,,,,,,,,,,,,,,,,,,,,,,,,,,,,,,,,,,,,,,,,,,,,,,,,,,,,,,,,,,,,,,,,,,,,,,,,,,,,,,,,,,,,,,,,,,,,,,,,
,,,,,,,,,,,,,,,,,,,,,,,,,,,,,,,,,,,,,,,,,,,,,,,,,,,,,,,,,,,,,,,,,,,,,,,,,,,,,,,,,,,,,,,,,,,,,,,,,,,,,,,,,,,,,,,,,,,,,,,,,,,,,,,,,,,,,,,,,,,,,,,,,,,,,,,,,,,,,,,,,,,,,,,,,,,,,,,,,,,,,,,,,,,,,,,,,,,,,,
,,,,,,,,,,,,,,,,,,,,,,,,,,,,,,,,,,,,,,,,,,,,,,,,,,,,,,,,,,,,,,,,,,,,,,,,,,,,,,,,,,,,,,,,,,,,,,,,,,,,,,,,,,,,,,,,,,,,,,,,,,,,,,,,,,,,,,,,,,,,,,,,,,,,,,,,,,,,,,,,,,,,,,,,,,,,,,,,,,,,,,,,,,,,,,,,,,,,,,
,,,,,,,,,,,,,,,,,,,,,,,,,,,,,,,,,,,,,,,,,,,,,,,,,,,,,,,,,,,,,,,,,,,,,,,,,,,,,,,,,,,,,,,,,,,,,,,,,,,,,,,,,,,,,,,,,,,,,,,,,,,,,,,,,,,,,,,,,,,,,,,,,,,,,,,,,,,,,,,,,,,,,,,,,,,,,,,,,,,,,,,,,,,,,,,,,,,,,,
,,,,,,,,,,,,,,,,,,,,,,,,,,,,,,,,,,,,,,,,,,,,,,,,,,,,,,,,,,,,,,,,,,,,,,,,,,,,,,,,,,,,,,,,,,,,,,,,,,,,,,,,,,,,,,,,,,,,,,,,,,,,,,,,,,,,,,,,,,,,,,,,,,,,,,,,,,,,,,,,,,,,,,,,,,,,,,,,,,,,,,,,,,,,,,,,,,,,,,
,,,,,,,,,,,,,,,,,,,,,,,,,,,,,,,,,,,,,,,,,,,,,,,,,,,,,,,,,,,,,,,,,,,,,,,,,,,,,,,,,,,,,,,,,,,,,,,,,,,,,,,,,,,,,,,,,,,,,,,,,,,,,,,,,,,,,,,,,,,,,,,,,,,,,,,,,,,,,,,,,,,,,,,,,,,,,,,,,,,,,,,,,,,,,,,,,,,,,,
,,,,,,,,,,,,,,,,,,,,,,,,,,,,,,,,,,,,,,,,,,,,,,,,,,,,,,,,,,,,,,,,,,,,,,,,,,,,,,,,,,,,,,,,,,,,,,,,,,,,,,,,,,,,,,,,,,,,,,,,,,,,,,,,,,,,,,,,,,,,,,,,,,,,,,,,,,,,,,,,,,,,,,,,,,,,,,,,,,,,,,,,,,,,,,,,,,,,,,
,,,,,,,,,,,,,,,,,,,,,,,,,,,,,,,,,,,,,,,,,,,,,,,,,,,,,,,,,,,,,,,,,,,,,,,,,,,,,,,,,,,,,,,,,,,,,,,,,,,,,,,,,,,,,,,,,,,,,,,,,,,,,,,,,,,,,,,,,,,,,,,,,,,,,,,,,,,,,,,,,,,,,,,,,,,,,,,,,,,,,,,,,,,,,,,,,,,,,,
,,,,,,,,,,,,,,,,,,,,,,,,,,,,,,,,,,,,,,,,,,,,,,,,,,,,,,,,,,,,,,,,,,,,,,,,,,,,,,,,,,,,,,,,,,,,,,,,,,,,,,,,,,,,,,,,,,,,,,,,,,,,,,,,,,,,,,,,,,,,,,,,,,,,,,,,,,,,,,,,,,,,,,,,,,,,,,,,,,,,,,,,,,,,,,,,,,,,,,
,,,,,,,,,,,,,,,,,,,,,,,,,,,,,,,,,,,,,,,,,,,,,,,,,,,,,,,,,,,,,,,,,,,,,,,,,,,,,,,,,,,,,,,,,,,,,,,,,,,,,,,,,,,,,,,,,,,,,,,,,,,,,,,,,,,,,,,,,,,,,,,,,,,,,,,,,,,,,,,,,,,,,,,,,,,,,,,,,,,,,,,,,,,,,,,,,,,,,,